{
  "runtimeOptions": {
    "tfm": "net8.0",
    "frameworks": [
      {
        "name": "Microsoft.NETCore.App",
        "version": "8.0.0"
      },
      {
        "name": "Microsoft.WindowsDesktop.App",
        "version": "8.0.0"
      }
    ],
    "additionalProbingPaths": [
      "C:\\Users\\sonst.SONNY_GAMING\\.dotnet\\store\\|arch|\\|tfm|",
      "C:\\Users\\sonst.SONNY_GAMING\\.nuget\\packages",
      "C:\\Program Files\\DevExpress 24.1\\Components\\Offline Packages",
      "C:\\Program Files (x86)\\Microsoft Visual Studio\\Shared\\NuGetPackages"
    ],
    "configProperties": {
      "System.Reflection.NullabilityInfoContext.IsSupported": true,
      "System.Runtime.Serialization.EnableUnsafeBinaryFormatterSerialization": true,
      "Microsoft.NETCore.DotNetHostPolicy.SetAppPaths": true
    }
  }
}